iter	Logloss
0	0.564784261
1	0.4326716915
2	0.3958383201
3	0.3641575532
4	0.3329776016
5	0.304467945
6	0.2964681088
7	0.2838500178
8	0.2746146214
9	0.261474308
